{
  "radiosound.1": {
    "category": "master",
    "sounds": [
      {
        "name": "omod:radiosound/1",
        "stream": true
      }
    ]
  },
  "radiosound.2": {
    "category": "master",
    "sounds": [
      {
        "name": "omod:radiosound/2",
        "stream": true
      }
    ]
  },
  "radiosound.3": {
    "category": "master",
    "sounds": [
      {
        "name": "omod:radiosound/3",
        "stream": true
      }
    ]
  },
  "radiosound.4": {
    "category": "master",
    "sounds": [
      {
        "name": "omod:radiosound/4",
        "stream": true
      }
    ]
  },
  "radiosound.5": {
    "category": "master",
    "sounds": [
      {
        "name": "omod:radiosound/5",
        "stream": true
      }
    ]
  },
  "radiosound.6": {
    "category": "master",
    "sounds": [
      {
        "name": "omod:radiosound/6",
        "stream": true
      }
    ]
  },
  "radiosound.7": {
    "category": "master",
    "sounds": [
      {
        "name": "omod:radiosound/7",
        "stream": true
      }
    ]
  },
  "radiosound.8": {
    "category": "master",
    "sounds": [
      {
        "name": "omod:radiosound/8",
        "stream": true
      }
    ]
  },
  "radiosound.page": {
    "category": "master",
    "sounds": [
      {
        "name": "omod:radiosound/page",
        "stream": true
      }
    ]
  }
}